{
  "timestamp": "2026-03-23T08:53:11.875101",
  "grid_size": "5x5",
  "model_config": {
    "hidden_size": 128,
    "num_layers": 2,
    "num_attention_heads": 2,
    "num_prefix_tokens": 16,
    "dropout": 0.4,
    "resnet_frozen": true,
    "total_parameters": 12215488
  },
  "performance": {
    "exact_match_pct": 17.714285714285715,
    "valid_solution_pct": 82.64285714285714,
    "creative_solution_pct": 64.92857142857143
  },
  "training": {
    "final_loss": 0.11385011521833284,
    "train_accuracy": 74.82142857142857,
    "test_accuracy": 17.571428571428573,
    "generalization_gap": 57.25
  }
}