{
  "timestamp": "2026-03-23T09:06:57.799943",
  "grid_size": "7x7",
  "model_config": {
    "hidden_size": 256,
    "num_layers": 4,
    "num_attention_heads": 4,
    "num_prefix_tokens": 16,
    "dropout": 0.4,
    "resnet_frozen": true,
    "total_parameters": 16734528
  },
  "performance": {
    "exact_match_pct": 11.848648648648648,
    "valid_solution_pct": 44.22702702702703,
    "creative_solution_pct": 32.37837837837838
  },
  "training": {
    "final_loss": 0.16959446354474855,
    "train_accuracy": 46.78213802435724,
    "test_accuracy": 11.881081081081081,
    "generalization_gap": 34.90105694327616
  }
}