{
  "timestamp": "2025-12-03T09:35:19.196934",
  "grid_size": "7\u00d77",
  "model_config": {
    "hidden_size": 128,
    "num_layers": 2,
    "num_attention_heads": 2,
    "num_prefix_tokens": 8,
    "dropout": 0.4,
    "total_parameters": 12215488
  },
  "dataset": {
    "total_test_samples": 9250,
    "unique_solutions": "N/A",
    "variations_per_solution": 50
  },
  "performance": {
    "exact_match_pct": 8.594594594594595,
    "valid_solution_pct": 35.75135135135135,
    "creative_solution_pct": 27.156756756756756,
    "invalid_solution_pct": 64.24864864864864
  },
  "breakdown": {
    "exact_matches": 795,
    "creative_solutions": 2512,
    "invalid_solutions": 5943
  },
  "training": {
    "final_loss": 0.26986778133359307,
    "train_accuracy": 23.656292286874155,
    "test_accuracy": 8.594594594594595,
    "generalization_gap": 15.06169769227956
  }
}