{
  "timestamp": "2026-03-23T08:51:59.746976",
  "grid_size": "4x4",
  "model_config": {
    "hidden_size": 128,
    "num_layers": 2,
    "num_attention_heads": 2,
    "num_prefix_tokens": 16,
    "dropout": 0.4,
    "resnet_frozen": true,
    "total_parameters": 12215488
  },
  "performance": {
    "exact_match_pct": 5.666666666666667,
    "valid_solution_pct": 54.166666666666664,
    "creative_solution_pct": 48.5
  },
  "training": {
    "final_loss": 0.13765663892030716,
    "train_accuracy": 73.25,
    "test_accuracy": 5.666666666666667,
    "generalization_gap": 67.58333333333333
  }
}